05_PRE_VALVE_ACTUATE	S15LzllcVNi687LziSxZ	2
01_OPEN_NIGHT_WIND	2NxBkdap68IxJXPupggt	1
01_OPEN_PLASTIC_TICK	dSFpIyPOsarkcTbuuLQX	2
01_OPEN_FROST_CRACKLE	PYrVRhPDAGFZLXaVPzD6	1
01_OPEN_DROPLET_PLINK	MMJg6C85wIv5xTNrB5vh	2
01_OPEN_STRUCTURE_GROAN	gh3jpMfNAa9Wa2nal2yg	2
01_OPEN_CRYO_VENT_FAR	awtmq5DJaB0bM2ekpwhg	1
01_OPEN_BIG_RELAY	NYNIDUD84o9mudXP13wn	2
02_REVEAL_RELAY_CHAIN	Ty4mSd5TnoJAqzTy2Ksc	2
02_REVEAL_TRANSFORMER_RISE	gIcKSi5KHBQGvyyEihnQ	2
02_REVEAL_FLOOD_HIT	yH0OxvgsEdoH9KMNaDQ0	3
02_REVEAL_LAMP_HUM	zJBrxPmimKv9Im70OU91	1
02_REVEAL_SHIMMER_BLOOM	9T1h65AOwKSiAeN9TQCc	2
02_PAD_VAPOR_HISS	UtYDJhVAMh9KaqcT9idw	1
03_RIVAL_ROUGH_IDLE	bIqLdlcqYNcBBgAmKAOe	2
03_RIVAL_HYDRAULIC_GROAN	q2CXfay5XErJemCFIdDm	1
03_PLANT_BOLT_RATTLE	LnPf0JElgQ32DaWvDwcN	2
04_CONTROL_ROOMTONE	Kw5uEJ6WnYLMskpuLgKi	1
04_CONTROL_READY_CHIME	uakbQ6IoNIY0L1npc4Yo	2
05_PRE_PIPE_FLOW	eUwD7d5ta5aL316yIe03	1
05_PRE_TANK_PINGS	HkRMYH2AdJoXPlPuv2S2	2
05_PRE_GAUGE_NEEDLE	M8ejw84HRZCOLHz012qk	1
05_PRE_TURBINE_THERA	3RM3bhb02gCJrFHJpyHT	2
05_PRE_TURBINE_RIVAL	oYajh7Uqenteie92mit8	1
05_PRE_TOWER_CREAK	GmLha6qtjc0G3eY9XdMH	1
05_PRE_UMBILICAL_RELEASE	9bfhHMnoHuUSjDEfNx52	2
05_PRE_IGNITER_SPARKS	oqtoaCdO7OEf5MZctT1z	2
05_PRE_BUTTON_PRESS	OHssEGE0H21NQkn8UNAD	2
05_HUSH_RELAY_CLICK	aSNiFHCEGwttL1tHTql2	2
06_LAUNCH_IGNITION_CRACK	1eMJ7aTKUinHSH0LyVs4	3
06_LAUNCH_ROAR_BODY	4ty50xbLvHHGBcGSlVYz	2
06_LAUNCH_CRACKLE	6dRWyMh0NmX699yiDTZ4	1
06_LAUNCH_DEBRIS_RATTLE	EGYfSjQRWB6lW8Tp6nSf	2
06_LAUNCH_GANTRY_SHAKE	sc3XUQLt9o5kUkZ8IEPC	1
06_LAUNCH_ROAR_DISTANT	MVMsXUC0rylyEnQ4HyWH	1
06_LAUNCH_STEAM_WALL	d8JqLrQaxDtGIrT6LogJ	1
06_LAUNCH_TAIL	Uc5Wvr7HNfKpYCcDrXKL	1
07_ASCENT_CLOUD_PUNCH	DGXiY7NQV463Hzg3GEy4	1
07_ASCENT_WIND_SHEAR	tgRGAWHOu4HC7ejLtji7	1
08_SPACE_HULL_HUM	ZympB0kmhXhxpWqJTbRn	1
08_SPACE_ENGINE_CUTOFF	N0Apy90XLmLlb8hx5hTt	2
08_SPACE_METAL_TICKS	Vhxus3Zggzc82SWoYPha	1
08_SPACE_SERVO	tmWm9QUJGlwk7d1tvfIl	2
08_SPACE_RIVAL_COUGH	uOMOkDLZY3AlYXep3gru	2
08_SPACE_RELIGHT	sTOj2lYT32NZkW0ku9g4	2
09_RACE_RIVAL_PASS	8JKTPk4vWFb6Ki4sCjAY	2
09_RACE_THERA_THRUST	BO8jeQVjei0a0hJtnDtm	1
10_LAB_CITRUS_SPLIT	TqzsGO3ZZ4Vh03m5yy3B	1
10_LAB_PETALS	HywLVHCY5DveDU7qYLMW	1
10_LAB_LEAVES	csH6GLK0FqQuu2CoU7vJ	1
10_LAB_SLICE	YVVq3XiUSQrrM6KOyRUI	1
10_LAB_MIST_SPRAY	Z25L4KLisYmoIT7kJDwr	1
10_LAB_DROP_GLASS	1wWPfjFQolFd9PDPWbJ0	2
10_LAB_CRYSTAL_SING	Cenf7T7YhixTG9Cb9lqD	1
10_LAB_AROMA_AIR	0JSereLdmIkyFYlSCF6M	1
10_LAB_TWIST_LOCK	Nm6G3KVzu2ABTPMfVITn	2
10_LAB_FROST_BLOOM	uDW1BEipwWVBAbEdlh6K	1
10_LAB_ROOMTONE	ZbC6hUNLg8DOAISkzJkt	1
10_LAB_LAUNCH_THOOMP	fDXI7cPLajN5SGkf9quP	1
11_RING_SPARKLE_PASS	JgXMJtcWbOQRBJwxHQ4y	1
12_FAIL_BOLT_UNSCREW	bs7aEU9j8DJl0v6cp1HO	2
12_FAIL_SPUTTER	kRL8OSF1OnutRf4i7XX7	2
12_FAIL_HULL_STRAIN	5fAF5Xo6egowpUiYkxRE	1
12_FAIL_LEAK_HISS	v5EoiA2NSQja0ZyJ6UMu	1
12_FAIL_OVERPRESSURE_WHINE	haQwZlxxiQmOE6ySg26Q	1
12_FAIL_EXPLOSION_BODY	9bFQgvjD7avPXSpaRudb	2
12_FAIL_DEBRIS_PINGS	vn0A1noJ75PPUU1TL9KT	1
12_FAIL_DRIFT_CREAK	Udrn4a92erFh7wkt6r6v	1
13_MOON_THRUSTER_PUFFS	L89gfXaFrR0BNW9qYHag	1
13_MOON_TOUCHDOWN	2RjvlrPlx94OliBf0W3R	2
13_MOON_DUST_CRUNCH	PBRramQWV9CTzLjkpodC	1
14_HOME_REENTRY_PLASMA	gPTexWdrhwtCehokp0JF	1
14_HOME_EVENING_AMB	SBKiBG7oAP9787Gyhsf7	1
14_HOME_LANDING_THRUST	wLWX2rhocOjD1KkerpPw	1
14_HOME_ENGINE_SPINDOWN	2YaVcuRvp8O13Qdr1wkW	1
14_HOME_HATCH_OPEN	POHjXIRKSkYAkcKz5osa	2
14_HOME_ROBOT_ARM	WBsypvo0tVIOynpopwH8	2
14_HOME_GLASS_CLINK	Fqis3FeN99QOx8NCPNO3	2
14_HOME_SERVO_HESITATE	zINwfYedndWid0ivOXAR	2
15_END_CRYSTAL_TONE	qL1ZYjmlcgOIX4mYHRwV	2
16_POST_SCREW_TINK	oXSxdk5eN6aEsKbLrIwq	2
