02_REVEAL_FLOOD_HIT	V1	5BFn7R1UKncFu44G6t90
02_REVEAL_FLOOD_HIT	V2	j57686Q1HvSCHzUaoxE7
02_REVEAL_FLOOD_HIT	V3	irevgrGxZ8gikNZz3Ux6
06_LAUNCH_IGNITION_CRACK	V1	MkZ1J361c5LtfhM8kMVe
06_LAUNCH_IGNITION_CRACK	V2	w929U2p8xEJ3FikdkEE3
06_LAUNCH_IGNITION_CRACK	V3	TOyAbyMBNosJl0gkqI1y
01_OPEN_PLASTIC_TICK	V1	s4y9cDoBpCzXV35wqhwM
01_OPEN_PLASTIC_TICK	V2	vk4PLNx62TE9MuG4uVk4
01_OPEN_DROPLET_PLINK	V1	WytHT5xaaBUjnrRdrCGd
01_OPEN_DROPLET_PLINK	V2	3V3KDuJ4XNyQerMTSuYY
01_OPEN_STRUCTURE_GROAN	V1	ZQQbDinVskhrHfCO5ohY
01_OPEN_STRUCTURE_GROAN	V2	d6iPz1VEKfR8GLPboY5x
01_OPEN_BIG_RELAY	V1	dIetl05lpLbXB6Wl93tk
01_OPEN_BIG_RELAY	V2	gn40kLN7vXoXEPW7tsQG
02_REVEAL_RELAY_CHAIN	V1	ZSrNYqVDckfnE1Dxxdvh
02_REVEAL_RELAY_CHAIN	V2	jLGvV1MSAp8llnOumq5x
02_REVEAL_TRANSFORMER_RISE	V1	ZEXhc7GUs6JocZ5eKvIL
02_REVEAL_TRANSFORMER_RISE	V2	2O3WIyzLs1WFcEfWmgFS
02_REVEAL_SHIMMER_BLOOM	V1	JBQW12uEOHprYQRPMwJz
02_REVEAL_SHIMMER_BLOOM	V2	9KFw4pjDaI8nwyFD9g0f
03_RIVAL_ROUGH_IDLE	V1	RVazGO1cVb0S3ak2CHhY
03_RIVAL_ROUGH_IDLE	V2	T7lm2s0jcIypDc9AlJ0h
03_PLANT_BOLT_RATTLE	V1	5W6Jn6Y9CC5sagFu1hC5
03_PLANT_BOLT_RATTLE	V2	IwZFh3UxLqvQTvk8kUdz
04_CONTROL_READY_CHIME	V1	PLKCmfzqEf60FHgMk7PK
04_CONTROL_READY_CHIME	V2	acmYcDP0PPJ4t1BmlkX5
05_PRE_TANK_PINGS	V1	6t41zNS2gxPnZlutXIX1
05_PRE_TANK_PINGS	V2	rrhPB1FBisakRaFcgIGn
05_PRE_TURBINE_THERA	V1	2QEQe1E99CMFy6py1ziX
05_PRE_TURBINE_THERA	V2	mH7MLqZmAAs2GofIYf5o
05_PRE_UMBILICAL_RELEASE	V1	Bt8MI34JlFT0AxQbGzvu
05_PRE_UMBILICAL_RELEASE	V2	U32q1kiAof3pn0fZY2yI
05_PRE_IGNITER_SPARKS	V1	T4bqv19BkUsXxphFw3DG
05_PRE_IGNITER_SPARKS	V2	QIZPLkn42hkU7jxpt3ax
05_PRE_BUTTON_PRESS	V1	kyW3DY7iNU32H5CN6XOI
05_PRE_BUTTON_PRESS	V2	9v2dvUuKoDTmUv2zH3Ut
05_HUSH_RELAY_CLICK	V1	l3As8NWHBJTUeUSwIERU
05_HUSH_RELAY_CLICK	V2	OhrXB1i8OmvUk4F0SXlR
06_LAUNCH_ROAR_BODY	V1	qUfB377OBOnsj6zfNhJG
06_LAUNCH_ROAR_BODY	V2	YV4xTmrKjrm9q7XoMmMy
06_LAUNCH_DEBRIS_RATTLE	V1	EKzjf7m3neoO4Gp2iNlQ
06_LAUNCH_DEBRIS_RATTLE	V2	lku02Z6D0dBTL4F0j4Uo
08_SPACE_ENGINE_CUTOFF	V1	UjjPIkH0uilSq2G3LkcY
08_SPACE_ENGINE_CUTOFF	V2	qKw94U6BUCXqUJQ3HqHb
08_SPACE_SERVO	V1	UBUw42Vj3ZXRKpPnz4HH
08_SPACE_SERVO	V2	neGFrovYazh769TXVRGf
08_SPACE_RIVAL_COUGH	V1	6WW9BaPajZxTL3sNjk4n
08_SPACE_RELIGHT	V1	IQc1SlUWUjstIMrlYlFu
09_RACE_RIVAL_PASS	V1	SmVHzOwnZS0Bn19AKZD1
10_LAB_DROP_GLASS	V1	ffbuRp1JbsK7lA91VyWm
10_LAB_TWIST_LOCK	V1	YDEGcMNsurCuRNCqHQVu
12_FAIL_BOLT_UNSCREW	V1	NDkJbkxbxIpO78lmrikq
12_FAIL_SPUTTER	V1	Xl2dyVoDXQ0zOihcJf0n
12_FAIL_EXPLOSION_BODY	V1	ED6ERt57wCh4U569SKlW
13_MOON_TOUCHDOWN	V1	6vkKWifMTtvPkDXnuK1T
14_HOME_HATCH_OPEN	V1	lHAXQlsFd7JgwSkHU1hE
14_HOME_ROBOT_ARM	V1	NkKzo8UXfqFFJWaYnGg5
14_HOME_GLASS_CLINK	V1	xFjh4eECiWNU1vhCkjsG
14_HOME_SERVO_HESITATE	V1	uiqz332yez7a0iUKBlCe
15_END_CRYSTAL_TONE	V1	3oquigwP6NxkSD4IMqw5
16_POST_SCREW_TINK	V1	aLUgUk6DcLNX3w8EAKiL
08_SPACE_RIVAL_COUGH	V2	Iit6rsPgB2ufj586brYp
08_SPACE_RELIGHT	V2	rqfQm0OjROvDlok7o7Dg
09_RACE_RIVAL_PASS	V2	vzGGSxPcyuOBSdyj9Vrk
10_LAB_DROP_GLASS	V2	uUmTidxM21eylraUjCKM
10_LAB_TWIST_LOCK	V2	NtFrPKnIwQgbFXubUDQt
12_FAIL_BOLT_UNSCREW	V2	FKAi791bql5zsCj8ZTqT
12_FAIL_SPUTTER	V2	fzIoRSynCgrji3P2qXWY
12_FAIL_EXPLOSION_BODY	V2	YcI9n6528If5AK15lgjx
13_MOON_TOUCHDOWN	V2	TN5KZAr1vyqApofcBS97
14_HOME_HATCH_OPEN	V2	8rXptgctz2EoUapRELs0
14_HOME_ROBOT_ARM	V2	cQX8kUzSbY7F9oa8YyXM
14_HOME_GLASS_CLINK	V2	z7OB1F7bdrq6hHNG4mdb
14_HOME_SERVO_HESITATE	V2	mfJfCP3ZQQWlo3qCGtAm
15_END_CRYSTAL_TONE	V2	tte2zI4Rf7gtoqiZYO8o
16_POST_SCREW_TINK	V2	aiK2VbgslRqplmdqqzSJ
01_OPEN_FROST_CRACKLE	V1	Ie6UfhxFDkt2FofyWA6g
01_OPEN_CRYO_VENT_FAR	V1	uUbF4C3gsyeuA664teiT
01_OPEN_NIGHT_WIND	V1	VjSgeceCIySJLhhoZwMO
02_REVEAL_LAMP_HUM	V1	CnlmN4f6XB3ZvRdajvBD
02_PAD_VAPOR_HISS	V1	Iy03ktwzUpDW5lYR3s9W
03_RIVAL_HYDRAULIC_GROAN	V1	DAX71EQ9YrTgZVqKK0Y0
04_CONTROL_ROOMTONE	V1	IWk16Z6AbSlfRxDegeLb
05_PRE_PIPE_FLOW	V1	2IKVewf2RP6WsEoQUzXw
05_PRE_GAUGE_NEEDLE	V1	rb6OUE3vFnyb2jzrmMyp
05_PRE_TURBINE_RIVAL	V1	yXo0aVaqFeXA0c9KTQAe
05_PRE_TOWER_CREAK	V1	DPk5ft3VOwlOgIMbKDZp
06_LAUNCH_CRACKLE	V1	2HhLJXTfhx4mb6njdy5e
06_LAUNCH_GANTRY_SHAKE	V1	dpi7NvyXEARVybkflU2K
06_LAUNCH_ROAR_DISTANT	V1	oM54Oo7ZDukQgaAGLYTm
06_LAUNCH_STEAM_WALL	V1	jjh2R7swXByBIBiVo5wm
06_LAUNCH_TAIL	V1	eFMRr9xRXhyOx5muJnKs
07_ASCENT_CLOUD_PUNCH	V1	fHlWVtb9CWRSEg3dKZzF
07_ASCENT_WIND_SHEAR	V1	doJTjuGD09GRUUxB0ojF
08_SPACE_HULL_HUM	V1	pPJf8txUmaVKskKZzHuv
08_SPACE_METAL_TICKS	V1	1DHbIS7zfoZrHkxi0QFg
09_RACE_THERA_THRUST	V1	EqpKdaE29qTdatcfLRTj
10_LAB_CITRUS_SPLIT	V1	gbUbyLu6jssJZez91CHS
10_LAB_PETALS	V1	ONk8n5hCswuMrj33J0l8
10_LAB_LEAVES	V1	RO9hLV5jaDfjIovQSiDc
10_LAB_SLICE	V1	A5RUYL7uyl1BzpluTvZa
10_LAB_MIST_SPRAY	V1	wr1xPAhMgyu5wIy25ZjI
10_LAB_CRYSTAL_SING	V1	N3lDt0I2PxBMKEll5v9l
10_LAB_AROMA_AIR	V1	b0mcUZpFjvTuoRnIvB0n
10_LAB_FROST_BLOOM	V1	GQt5xslNrfUogHZ8GNZ6
10_LAB_ROOMTONE	V1	PpGHcaD3PqNQQ0TWJBQq
10_LAB_LAUNCH_THOOMP	V1	1wkeLgVepvScYfiDDT9E
11_RING_SPARKLE_PASS	V1	NQZOzgtoNUfU0T2KwIJX
12_FAIL_HULL_STRAIN	V1	B4F3N06iVtpJFbgAJOXt
12_FAIL_LEAK_HISS	V1	sFuBHcmSoJ62hUDRcj8l
12_FAIL_OVERPRESSURE_WHINE	V1	LIm3uaYtWXmeQHP2IFKL
12_FAIL_DEBRIS_PINGS	V1	w9zIQajsLLm4TtUmxzLg
12_FAIL_DRIFT_CREAK	V1	dmhzPFzd8xYzaTTG6t0b
13_MOON_THRUSTER_PUFFS	V1	TUbmnWeZvPGkBzT2Yez7
13_MOON_DUST_CRUNCH	V1	uY3a9fdqOvVeU4GmUOXl
14_HOME_REENTRY_PLASMA	V1	MlDXo2sOxECLiVe1pWpr
14_HOME_EVENING_AMB	V1	lAmA2gF1zDIKsNmrb7pE
14_HOME_LANDING_THRUST	V1	DJ7urghrzdIQJEBaFzu1
14_HOME_ENGINE_SPINDOWN	V1	ywM0H7G9HhJbnxdMjAIR
